Product,Review
Queen Size Sheet Set,"I ordered a king size set. My only criticism was the sizing confusion, but the quality is great."
Waterproof Phone Pouch,"I loved the waterproof sac, although the opening mechanism felt a bit flimsy."
Luxury Air Mattress,"This mattress had a small hole in the top initially, but customer service replaced it quickly."
Pillows Insert,This is the best throw pillow filler on Amazon. Very fluffy and holds shape well.
Milk Frother Handheld,"I loved this product, but they only seem to last a few months with heavy use."
Bluetooth Speaker,Sound quality is amazing for the size. Battery life could be better though.
Yoga Mat,Very comfortable and non-slip. Slight chemical smell at first but fades away.
Stainless Steel Water Bottle,Keeps water cold for hours. Durable and leak-proof design.
LED Desk Lamp,Adjustable brightness is perfect for late-night work. Build quality feels premium.
Wireless Mouse,Smooth tracking and ergonomic design. Occasionally disconnects.
Laptop Stand,Helps with posture and cooling. Lightweight and portable.
Noise Cancelling Headphones,Excellent noise cancellation. A bit tight on the ears after long use.
Electric Kettle,Boils water quickly. Slight noise but not a big issue.
Running Shoes,Very comfortable for daily runs. Slight wear after a few months.
Smart Watch,Great features for fitness tracking. Battery drains faster than expected.
